,Name,normalised_name,catnum
802,.Hooker,.Hooker,['22']
969,A.M. Schurman,A.M. Schurman,['318']
789,AB Blosse Bloteling?,AB Blosse Bloteling?,['2']
224,AL B.,AL B.,['641']
613,Abbe Sterbini.,Abbe Sterbini.,['1082']
508,Abbe Sterbinis,Abbe Sterbinis,['1689']
726,Abbe Sterpini,Abbe Sterpini,['451']
578,Abbe Sterbini,Abbe_Sterbini,['904']
601,Abbe Sterbini,Abbe_Sterbini,['1023']
574,Abbe Sterbini,Abbe_Sterbini,['880']
605,Abbe Sterbini,Abbe_Sterbini,['1040']
496,Abbe Sterbini,Abbe_Sterbini,['1665']
617,Abbe Sterbini,Abbe_Sterbini,['1097']
570,Abbe Sterbini,Abbe_Sterbini,['862']
582,Abbe Sterbini,Abbe_Sterbini,['928']
568,Abbe Sterbini,Abbe_Sterbini,['844']
565,Abbe Sterbini,Abbe_Sterbini,['819']
564,Abbe Sterbini,Abbe_Sterbini,['806']
590,Abbe Sterbini,Abbe_Sterbini,['980']
627,Abbe Sterbini,Abbe_Sterbini,['1110']
727,Abbot Sterbini,Abbot Sterbini,['467']
729,Abbot Sterbini,Abbot Sterbini,['496']
1008,Abraham Symmeons,Abraham Symmeons,['382']
14,Abraham Waldron?,Abraham Waldron?,['1835']
918,Dr. Cyprianus,Abraham_Cyprianus,['257']
919,Dr. Cyprianus,Abraham_Cyprianus,['258']
946,Abraham Symmonds,Abraham_Symmonds,['289']
222,Al. Br.,Al. Br.,['639']
223,Al. Br.,Al. Br.,['640']
226,Al. Br.,Al. Br.,['649']
938,Albert- Durer,Albert- Durer,['280']
787,Albert Durer,Albert_Durer,['1']
913,Albert Durer,Albert_Durer,['254']
298,Albertus Seba,Albertus_Seba,['900']
879,Aldrovandus,Aldrovandus,['183']
219,Alex. Brown,Alexander_Brown2,['630']
225,Alexr. Br.,Alexander_Brown4,['642']
232,Alexr. Brown,Alexander_Brown5,['665']
228,Alexr. Brown,Alexander_Brown5,['652']
221,Alexr. Brown,Alexander_Brown5,['633']
195,Alexr. Brown,Alexander_Brown5,['586']
4,Dr. Stuart,Alexander_Stuart,['1809']
179,Dr. Stuart,Alexander_Stuart,['496']
178,Dr. Stuart,Alexander_Stuart,['493']
1046,Dr. Stuart,Alexander_Stuart,['132']
1004,"Alexr Geekie, senior","Alexr Geekie, senior",['375']
231,Alexr. Brown ,Alexr. Brown ,['664']
908,Anna Maria Schurman,Anna Maria Schurman,['247']
854,Antony More,Antony_More,['147']
268,Archbishop of Canterbury,Archbishop of Canterbury,['811']
934,Arundelian,Arundelian,['277']
324,Bagford,Bagford,['993']
931,Barbara uxor Johannis Michael van Beck,Barbara uxor Johannis Michael van Beck,['275']
827,Barlow,Barlow,['69']
397,Baron Rostgards,Baron Rostgards,['1270']
337,Baron Botmar,Baron_Botmar,['1026']
166,Beauvilliers,Beauvilliers,['415']
1048,Bp of Carlile,Bp of Carlile,['164']
606,Bp of Norwich.,Bp of Norwich.,['159']
269,Br,Br,['814']
335,Bradyll,Bradyll,['1022']
893,Brower,Brower,['209']
717,C. Mortimer,C. Mortimer,['437']
677,Cadogan,Cadogan,['244*']
985,Callot,Callot,['356']
962,Callot,Callot,['307']
83,Campani,Campani,['185']
113,Capt : Middleton,Capt : Middleton,['2065']
59,Capt Christophr. Middleton,Capt Christophr. Middleton,['1934']
35,Capt. Midleton.,Capt. Midleton.,['1867']
11,Capt. Walker.,Capt. Walker.,['1820']
109,Capt: Hebden,Capt: Hebden,['2058']
440,Capt. Walduck,Capt_Walduck,['1463']
12,Capt. Walker,Capt_Walker,['1822']
604,Card inall Gualtieris,Card inall Gualtieris,['1040']
741,Card. Gualtieris,Card. Gualtieris,['663']
743,Card. Gualtieris,Card. Gualtieris,['676']
733,Cardinal Gualt ieris,Cardinal Gualt ieris,['535']
742,Cardinal Gualtieris,Cardinal Gualtieris,['669']
600,Cardinal Gualtieris,Cardinal Gualtieris,['1023']
735,Cardinall Gualteris,Cardinall Gualteris,['576']
589,Cardinall Gualtieri,Cardinall Gualtieri,['980']
740,Cardinall Gualtieri's,Cardinall Gualtieri's,['654']
732,Cardinall Gualtieris,Cardinall Gualtieris,['528']
737,Cardinall Gualtieris,Cardinall Gualtieris,['610']
736,Cardinall Gualtieris,Cardinall Gualtieris,['594']
626,Cardinall Gualtieris,Cardinall Gualtieris,['1110']
739,Cardinall Gualtieris,Cardinall Gualtieris,['648']
612,Cardinall Gualtieris,Cardinall Gualtieris,['1082']
991,Cardinall Gualtieris,Cardinall Gualtieris,['361']
734,Cardinall Gualtieris,Cardinall Gualtieris,['560']
738,Cardinall Gualtieris,Cardinall Gualtieris,['628']
616,Cardinall Gualtieris,Cardinall Gualtieris,['1097']
548,Cardinall Gualtieris,Cardinall Gualtieris,['700']
437,Carolina,Carolina,['1458']
367,Caspar Antonio ,Caspar Antonio ,['1125']
272,Caspar Antonio,Caspar_Antonio,['836']
891,Chancellor Jeffries,Chancellor_Jeffries,['208']
680,Charles 2,Charles 2,[]
87,Charles 2d,Charles 2d,['2009']
967,Charles Earle of Derby,Charles Earle of Derby,['317']
315,Ld Cadogan,Charles_Cadogan,['970']
170,Dr. Leigh,Charles_Leigh,['448']
180,Lord Halifax,Charles_Montagu,['499']
641,Charles Lord Hallifax,Charles_Montagu,['1120']
1007,Churchmans engine,Churchmans engine,['379']
137,Clemens XII,Clemens XII,['2102']
183,Coll. Laws.,Coll. Laws.,['540']
388,Coll. Nicholson.,Coll. Nicholson.,['1237']
1038,Coll. Wharton,Coll. Wharton,['23']
184,Coll. Laws,Coll_Laws,['540']
692,Colonel Lethieuller's,Colonel Lethieuller's,['8']
687,Colonel Lethieullier's,Colonel Lethieullier's,[]
688,Colonel Lethieulliers,Colonel Lethieulliers,['1']
664,Colonel William Lethieullier,Colonel William Lethieullier,[]
661,Conyers,Conyers,['246']
571,Conyers,Conyers,['93']
662,Conyers,Conyers,['248']
965,Corneille,Corneille,['311']
720,Cr. Mortimer,Cr. Mortimer,['441']
716,Cr: Mortimer,Cr: Mortimer,['435']
406,Dr. Mortimer,Cromwell_Mortimer,['1336']
21,Dr. Mortimer,Cromwell_Mortimer,['1851']
65,Dr. Mortimer,Cromwell_Mortimer,['1981']
609,Mort.,Cromwell_Mortimer,['170']
778,D. C,D. C,['247']
782,D. Dingley,D. Dingley,['264']
780,D. Drake,D. Drake,['264']
783,D. Fran.,D. Fran.,['264']
585,D. Id,D. Id,['979']
1010,D. J. Parisinus,D. J. Parisinus,['390']
790,D. Loggan,D. Loggan,['3']
685,D. M,D. M,['263*']
684,D. M,D. M,['262*']
248,D. Manuch,D. Manuch,['685']
771,D. Morosini,D. Morosini,['176']
704,D. Woodward,D. Woodward,['406']
1043,D. of,D. of,['43']
1040,D. of Albemarle.,D. of Albemarle.,['24']
942,D. of Marlborough,D. of Marlborough,['285']
32,Dampier,Dampier,['43']
41,Dr. Krieg,David_Krieg,['55']
788,David Loggan,David_Loggan,['2']
649,Dean Copping,Dean_Copping,['1123']
820,Della Bellas,Della Bellas,['58']
909,Dobson,Dobson,['248']
341,Dr . Bokelman,Dr . Bokelman,['1033']
622,Dr . Brooks,Dr . Brooks,['188']
200,Dr . Brown,Dr . Brown,['600']
212,Dr . Brown.,Dr . Brown.,['614']
990,Dr . Burnet,Dr . Burnet,['360']
402,Dr . Hubbert,Dr . Hubbert,['1284']
294,Dr . Lister,Dr . Lister,['896']
23,Dr . Massy,Dr . Massy,['1856']
480,Dr . Short,Dr . Short,['1615']
331,Dr . Slare,Dr . Slare,['1012']
1068,Dr . waldo,Dr . waldo,['205']
1001,Dr Rugeley the Son,Dr Rugeley the Son,['374']
997,Dr Rugeley's father,Dr Rugeley's father,['373']
127,Dr. Adairs-,Dr. Adairs-,['290']
531,Dr. Amann,Dr. Amann,['1767']
64,Dr. Amman,Dr. Amman,['1980']
63,Dr. Amman,Dr. Amman,['1970']
103,Dr. Bartram,Dr. Bartram,['2038']
101,Dr. Bartram,Dr. Bartram,['2037']
460,Dr. Battely,Dr. Battely,['1554']
1037,Dr. Baynard,Dr. Baynard,['21']
342,Dr. Bokelman,Dr. Bokelman,['1034']
234,Dr. Br.,Dr. Br.,['670']
591,Dr. Br.,Dr. Br.,['138']
250,Dr. Br.,Dr. Br.,['686']
593,Dr. Br.,Dr. Br.,['140']
586,Dr. Br.,Dr. Br.,['132']
238,Dr. Br.,Dr. Br.,['675']
247,Dr. Br.,Dr. Br.,['684']
244,Dr. Brown.,Dr. Brown.,['681']
209,Dr. Brown.,Dr. Brown.,['610']
408,Dr. Burnett,Dr. Burnett,['1344']
81,Dr. Charlett,Dr. Charlett,['183']
253,Dr. Cheyne.,Dr. Cheyne.,['695']
360,Dr. Covell,Dr. Covell,['1090']
368,Dr. Covell,Dr. Covell,['1126']
362,Dr. Covell,Dr. Covell,['1101']
395,Dr. Covell,Dr. Covell,['1266']
398,Dr. Covell.,Dr. Covell.,['1271']
921,Dr. Cyprianus.,Dr. Cyprianus.,['263']
356,Dr. Cyprianus.,Dr. Cyprianus.,['1080']
501,Dr. Dodd,Dr. Dodd,['1674']
50,"Dr. Douce,","Dr. Douce,",['1927']
24,Dr. Douce.,Dr. Douce.,['1857']
718,Dr. Gray,Dr. Gray,['437']
255,Dr. Groenfield,Dr. Groenfield,['698']
128,Dr. Hampe,Dr. Hampe,['2095']
123,Dr. Hamps,Dr. Hamps,['2086']
833,Dr. Harvy,Dr. Harvy,['90']
559,Dr. Harwood,Dr. Harwood,['33']
273,Dr. Hobbs,Dr. Hobbs,['836']
410,Dr. Hoffman,Dr. Hoffman,['1347']
155,Dr. Hook.,Dr. Hook.,['334']
403,Dr. Hubert,Dr. Hubert,['1307']
844,Dr. Huntington,Dr. Huntington,['120']
553,Dr. Huntington.,Dr. Huntington.,['21']
640,Dr. Hutton,Dr. Hutton,['1120']
390,Dr. Kempfer.,Dr. Kempfer.,['1239']
357,Dr. Kempfer.,Dr. Kempfer.,['1082']
975,Dr. King,Dr. King,['326']
38,Dr. Labe,Dr. Labe,['1872']
505,Dr. Massey.,Dr. Massey.,['1685']
67,Dr. Maty,Dr. Maty,['1984']
69,Dr. Maty,Dr. Maty,['1987']
459,Dr. Mausafia,Dr. Mausafia,['1551']
193,Dr. Mead,Dr. Mead,['579']
707,Dr. Mead,Dr. Mead,['8']
713,Dr. Meads,Dr. Meads,['1']
712,Dr. Meads,Dr. Meads,['11']
698,Dr. Meads,Dr. Meads,['16']
68,Dr. Morton,Dr. Morton,['1985']
756,Dr. Pack,Dr. Pack,['102']
411,Dr. Plumptree,Dr. Plumptree,['1347']
862,Dr. Rose,Dr. Rose,['156']
723,Dr. Rosse,Dr. Rosse,['447']
920,Dr. Ruyschs,Dr. Ruyschs,['261']
169,Dr. Sherard,Dr. Sherard,['439']
162,Dr. Silvestre,Dr. Silvestre,['391']
151,Dr. Slave,Dr. Slave,['324']
874,Dr. Sloane,Dr. Sloane,['171']
302,Dr. Steigertahl,Dr. Steigertahl,['916']
338,Dr. Steigertahl.,Dr. Steigertahl.,['1028']
353,Dr. Steigertahl.,Dr. Steigertahl.,['1072']
645,Dr. Sylvestre,Dr. Sylvestre,['221']
675,Dr. Woodwards,Dr. Woodwards,['259']
427,Dr. Woodwards,Dr. Woodwards,['1423']
703,Dr. Woodwards,Dr. Woodwards,['405']
429,Dr. Woodwd,Dr. Woodwd,['1436']
122,Dr.Adair,Dr.Adair,['289']
595,Dr. Br,Dr._Br,['145']
592,Dr. Br,Dr._Br,['139']
202,Dr. Br,Dr._Br,['602']
210,Dr. Br,Dr._Br,['612']
213,Dr. Br,Dr._Br,['615']
214,Dr. Br,Dr._Br,['616']
246,Dr. Br,Dr._Br,['683']
245,Dr. Br,Dr._Br,['682']
898,Dr. Br,Dr._Br,['219']
596,Dr. Br,Dr._Br,['146']
242,Dr. Br,Dr._Br,['679']
241,Dr. Br,Dr._Br,['678']
240,Dr. Br,Dr._Br,['677']
239,Dr. Br,Dr._Br,['676']
215,Dr. Br,Dr._Br,['617']
237,Dr. Br,Dr._Br,['674']
243,Dr. Br,Dr._Br,['680']
597,Dr. Br,Dr._Br,['148']
584,Dr. Brown,Dr._Brown,['123']
218,Dr. Brown,Dr._Brown,['621']
252,Dr. Brown,Dr._Brown,['694']
197,Dr. Brown,Dr._Brown,['596']
198,Dr. Brown,Dr._Brown,['597']
199,Dr. Brown,Dr._Brown,['599']
201,Dr. Brown,Dr._Brown,['601']
203,Dr. Brown,Dr._Brown,['603']
204,Dr. Brown,Dr._Brown,['604']
254,Dr. Brown,Dr._Brown,['698']
206,Dr. Brown,Dr._Brown,['606']
207,Dr. Brown,Dr._Brown,['607']
208,Dr. Brown,Dr._Brown,['609']
205,Dr. Brown,Dr._Brown,['605']
216,Dr. Brown,Dr._Brown,['618']
217,Dr. Brown,Dr._Brown,['619']
235,Dr. Brown,Dr._Brown,['671']
236,Dr. Brown,Dr._Brown,['672']
211,Dr. Brown,Dr._Brown,['613']
251,Dr. Browne,Dr._Browne,['693']
483,Dr. Clifton,Dr._Clifton,['1624']
486,Dr. Grews,Dr._Grews,['1635']
488,Dr. Grews,Dr._Grews,['1636']
376,Dr. Kempfer,Dr._Kempfer,['1170']
352,Dr. Kempfer,Dr._Kempfer,['1062']
375,Dr. Kempfer,Dr._Kempfer,['1160']
374,Dr. Kempfer,Dr._Kempfer,['1142']
373,Dr. Kempfer,Dr._Kempfer,['1139']
354,Dr. Kempfer,Dr._Kempfer,['1074']
573,Dr. Lavater,Dr._Lavater,['100']
288,Dr. Lavater,Dr._Lavater,['874']
615,Dr. Lavater,Dr._Lavater,['181']
623,Dr. Lister,Dr._Lister,['189']
300,Dr. Lister,Dr._Lister,['910']
301,Dr. Lister,Dr._Lister,['912']
299,Dr. Lister,Dr._Lister,['908']
656,Dr. Richardson,Dr._Richardson,['238']
575,Dr. Richardson,Dr._Richardson,['100*']
421,Dr. Varin,Dr._Varin,['1389']
614,Dr. Waldo,Dr._Waldo,['180']
1065,Dr. Waldo,Dr._Waldo,['190']
512,Dr. Waldo,Dr._Waldo,['1707']
1050,Dr. Waldo,Dr._Waldo,['188']
445,Dr. Waldo,Dr._Waldo,['1478']
1051,Dr. Waldo,Dr._Waldo,['192']
54,Dr. Waldo,Dr._Waldo,['114']
447,Dr. Waldo,Dr._Waldo,['1487']
287,Dr. Waldo,Dr._Waldo,['873']
10,Dr. Waldo,Dr._Waldo,['12']
281,Dr. Waldo,Dr._Waldo,['853']
282,Dr. Waldo,Dr._Waldo,['854']
283,Dr. Waldo,Dr._Waldo,['856']
285,Dr. Waldo,Dr._Waldo,['863']
277,Dr. Waldo,Dr._Waldo,['845']
99,Dr. Stack,Drack,['2035']
130,Dr. Stack,Drack,['2097']
818,Du Bosse,Du Bosse,['55']
762,Duke ,Duke ,['143']
1041,Duke of Albemarle,Duke of Albemarle,['34']
451,Duke of Argyles,Duke of Argyles,['1506']
777,Duke of Bavaria,Duke of Bavaria,['247']
25,Duke of Bourbons,Duke of Bourbons,['1859']
751,Duke of Buckingham,Duke of Buckingham,['79']
1027,Duke of Cumberland,Duke of Cumberland,['471']
132,Duke of Cumberland,Duke of Cumberland,['2101']
956,Duke of Glocester,Duke of Glocester,['297']
149,Duke of Graffton,Duke of Graffton,['2111']
270,Duke of Monmouth,Duke of Monmouth,['821']
487,Duke of Newcastle,Duke of Newcastle,['1635']
489,Duke of Newcastle,Duke of Newcastle,['1636']
485,Duke of Newcastle,Duke of Newcastle,['1635 & 1636']
181,Duke of Marlborough,Duke_Marlborough,['499']
339,Duke of Chandois,Duke_of_Chandos,['1031']
915,Duke of Richmond,Duke_of_Richmond,['256']
916,Duke of Richmond,Duke_of_Richmond,['256']
464,Duke of Richmond,Duke_of_Richmond,['1556']
465,Duke of Richmond,Duke_of_Richmond,['1556']
594,E. B. ,E. B. ,['144']
296,Earl of Oxford ,Earl of Oxford ,['897']
634,Earl of Arundell,Earl_of_Arundell,['1120']
928,Earl of Essex,Earl_of_Essex,['272']
628,Lord Sandwich,Earl_of_Sandwich,['1119']
349,Yale,Elihu_Yale,['1046']
681,Elizabeth. Queen,Elizabeth. Queen,[]
1015,Elizb. Blackwell,Elizb. Blackwell,['400']
472,Ericus Benzelius,Erik_Benzelius,['1589']
1035,Eustachio de divinis,Eustachio_de_divinis,['20']
116,Fa. Fo ntenay,Fa. Fo ntenay,['269']
798,Faithorn,Faithorn,['13']
1023,Faithorn,Faithorn,['407']
883,Faithorne? ,Faithorne? ,['184']
175,Father Fontaney,Father Fontaney,['469']
150,Father Fontaney,Father Fontaney,['323']
57,Father Fontenay,Father Fontenay,['119']
112,Father who,Father who,['2063']
165,Father Visdelon,Father_Visdelon,['415']
947,Fielder the Vintner,Fielder the Vintner,['289']
937,Fisher The B? p of Rochester,Fisher The B? p of Rochester,['279']
511,Duke of Buclugh,FrancisBuccleuch,['1706']
385,Coll. Nicholson,Francis_Nicholson,['1218']
70,Francisco Fiamengo,Francisco Fiamengo,['168']
976,Frank of Borsalia Earl of Ostervant &c,Frank of Borsalia Earl of Ostervant &c,['337']
927,Frederich the 3d. Duke of Saxony,Frederich the 3d. Duke of Saxony,['271']
892,Frere Jaques,Frere Jaques,['209']
1011,G. Du Pre. F. 1618.,G. Du Pre. F. 1618.,['392']
817,G. le Tholouze,G. le Tholouze,['52']
819,George Duke of Albemarle ,George Duke of Albemarle ,['57']
107,Mr Bell,George_Bell,['2049']
332,George Harris,George_Harris,['1019']
769,George II,George_II,['168']
880,Georgioni,Georgioni,['183']
279,Mr. Heathcote,Gilbert_Heathcote,['849']
278,Mr. Heathcote,Gilbert_Heathcote,['847']
286,Mr. Heathcote,Gilbert_Heathcote,['870']
305,Mr. Heathcote,Gilbert_Heathcote,['911*']
372,Gio. Bapt. Verle,Gio. Bapt. Verle,['1138']
951,Giovanni Maria LAncisi,Giovanni Maria LAncisi,['294']
467,Godfry,Godfry,[]
1014,Godwin Lewis,Godwin Lewis,['399']
517,Govern,Govern,['1721']
471,Governr. Jennings,Governr. Jennings,['1588']
92,Gray,Gray,['194']
125,Green,Green,['290']
233,Green,Green,['669']
799,Greg. de Tholouse - Brodeur,Greg. de Tholouse - Brodeur,['15']
886,HE,HE,['190']
676,Hand,Hand,['5']
894,Hans Holbein,Hans Holbein,['210']
936,Hans Holbein,Hans Holbein,['278']
763,Henry 8,Henry 8,['159']
1019,Henry Frederic prince of Orange,Henry Frederic prince of Orange,['405']
940,Henry the eight,Henry the eight,['282']
757,Henry ye 8th's,Henry ye 8th's,['103']
546,Mr. Barham,HenrySr.,['1796']
345,Mr. Barham,HenrySr.,['1038']
911,Hilliard,Hilliard,['250']
230,Hoffsted van Essen,Hoffsted_van_Essen,['663']
897,Hofsted Van Essen,Hofsted Van Essen,['213']
849,Holben,Holben,['133']
884,Housman,Housman,['186']
980,Husum.,Husum.,['348']
13,Isaac Waldron Esqr ,Isaac Waldron Esqr ,['1831']
482,Mr. Barrow,Isaac_Barrow,['1616']
996,J. Simmons,J. Simmons,['371']
28,J Empson,J_Empson,['1861']
1028,Jackson,Jackson,['471']
1009,Theodorus Klein,Jacob_Theodor_Klein,['383']
824,Jacobus Stannier,Jacobus_Stannier,['64']
930,Jacomo Poro fils,Jacomo Poro fils,['274']
143,James,James,['2108']
770,James Duke of York,James Duke of York,['175']
40,Pet.,James_Petiver,['1876']
164,Mr. Petiver,James_Petiver,['404']
431,Mr. Petiver,James_Petiver,['1452']
432,Mr. Petiver,James_Petiver,['1454']
497,Pet.,James_Petiver,['1668']
441,Pet.,James_Petiver,['1469']
256,Mr. Petiver,James_Petiver,['724']
326,Pet.,James_Petiver,['998']
322,Pet.,James_Petiver,['987']
304,Mr. Petiver,James_Petiver,['910']
306,Mr. Petiver,James_Petiver,['912*']
319,James Petiver,James_Petiver,['978']
8,father Fontenay,Jean_De_Fontaney,['7']
618,Jo. Bapt. Ottius,Jius,['183']
822,Joannes Caius,Joannes Caius,['62']
530,Job the son of Solomon,Job the son of Solomon,['1763']
1018,Joh. Osborn,Joh. Osborn,['405']
392,Dr Steigertahl,Johann_Georg_Steigertahl,['1245']
1020,John Albert the 2d ,John Albert the 2d ,['405']
972,John Fletcher ,John Fletcher ,['321']
632,Kemp,John_Kempe,['202']
644,Kemp,John_Kempe,['211']
633,Kemp,John_Kempe,['203']
653,Kemp,John_Kempe,['232']
646,Kemp,John_Kempe,['229']
630,Kemp,John_Kempe,['196']
449,Mr. Ranby,John_Ranby,['1494']
516,Mr. Ranby,John_Ranby,['1716']
98,Mr. Ranby,John_Ranby,['2029']
442,Mr. Ranby,John_Ranby,['1472']
765,Mr. Ranby,John_Ranby,['160']
1071,Mr. Ranby,John_Ranby,['227']
120,Mr. Winthorp,John_Winthrop,['2080']
523,Mr. Winthorp,John_Winthrop,['1731']
526,Mr. Winthorp,John_Winthrop,['1738']
317,Joy,Joy,['974']
260,Joys,Joys,['765']
749,K. Ch. 1st,K. Ch. 1st,['36']
748,K. Ch. 2d,K. Ch. 2d,['34']
784,K. Charles 2,K. Charles 2,['264']
1012,K. Charles 2d,K. Charles 2d,['395']
493,K. Charles the first,K. Charles the first,['1657']
917,K. Charles the firsts,K. Charles the firsts,['256']
776,K. Henry VIII,K. Henry VIII,['220']
79,K. James,K. James,['181']
1013,K. James 2d,K. James 2d,['396']
651,Kemp.,Kemp.,['230']
652,Kemp.,Kemp.,['231']
654,Kemp.,Kemp.,['236']
631,Kemp.,Kemp.,['201']
355,Kempfer,Kempfer,['1075']
758,King,King,['104']
949,King Charles 2d,King Charles 2d,['293']
146,King Charles the Second's,King Charles the Second's,['2110']
982,King Charles the first,King Charles the first,['352']
906,King Charles the first's,King Charles the first's,['241']
1057,King Charles the firsts,King Charles the firsts,['19']
753,King Charles the firsts,King Charles the firsts,['98']
110,King Charles's ,King Charles's ,['2058']
378,King George ye 1st.,King George ye 1st.,['1184']
563,King James 's ,King James 's ,['49']
760,King James I,King James I,['107']
377,King William the 3d ,King William the 3d ,['1183']
805,King Wm.s,King Wm.s,['26']
76,Prince of Orange,King3,['181']
1006,Kneller,Kneller,['376']
167,Lady Kent's,Lady Kent's,['437']
29,Lady Sondes.,Lady Sondes.,['1862']
379,Lady Darlington,Lady_Darlington,['1196']
804,Laurentius Costerus ye ,Laurentius Costerus ye ,['25']
583,L'Abbe Sterbini,Lbini,['945']
607,Ld Peterborough.,Ld Peterborough.,['167']
806,Lens,Lens,['26']
772,Lewis,Lewis,['187']
706,Lo Pembroke.,Lo Pembroke.,['409']
888,Lord Arundells ,Lord Arundells ,['200']
678,Lord Burlington,Lord Burlington,['249*']
841,Lord Exeter,Lord Exeter,['104']
979,Lord Lynn.,Lord Lynn.,['347']
730,Lord Montacutes,Lord Montacutes,['525']
158,Lord Colerane,Lord_Colerane,['341']
994,Lord Yarmouth,Lord_Yarmouth,['368']
887,Luther's,Luther's,['194']
1002,Major John Hanbury,Major John Hanbury,['375']
46,Marcus Moses,Marcus Moses,['1892']
831,Mareschall,Mareschall,['78']
821,Margaret Smith.,Margaret Smith.,['61']
381,Mr. Catesby,Mark_Catesby,['1203']
265,Martha Cooper,Martha_Cooper,['806']
1044,Martin Folkes,Martin_Folkes,['57']
767,Martin Folkes,Martin_Folkes,['163']
843,Merian,Merian,['109']
851,Miller,Miller,['137']
121,Miss Stanley,Miss_Stanley,['2081']
964,Moliere,Moliere,['310']
20,Monsr. Gosset,Monsr. Gosset,['1847']
161,Monsr. Villette,Monsr. Villette,['364']
561,Monsr. dupuys,Monsr. dupuys,['787']
610,Mort,Mort,['171']
608,Mort,Mort,['168']
779,Mortimer,Mortimer,['264']
781,Mortimer,Mortimer,['264']
774,Mr ,Mr ,['189']
658,Mr . Cadogan,Mr . Cadogan,['1127']
19,Mr . Collinson.,Mr . Collinson.,['1845']
954,Mr . Dundasse,Mr . Dundasse,['295']
365,Mr . Dupuys,Mr . Dupuys,['1123']
404,Mr . Elking,Mr . Elking,['1332']
657,Mr . Gale,Mr . Gale,['238']
896,Mr . Hugh,Mr . Hugh,['212']
499,Mr . Newman.,Mr . Newman.,['1672']
444,Mr . Ranby,Mr . Ranby,['1474']
33,Mr . Styleman,Mr . Styleman,['1863']
659,Mr . W,Mr . W,[]
945,Mr . Warner,Mr . Warner,['288']
227,Mr . Wilson,Mr . Wilson,['652']
666,Mr Alexander,Mr Alexander,['2']
556,Mr Charles de la fontaine.,Mr Charles de la fontaine.,['755']
998,Mr Geekie's Junr 's,Mr Geekie's Junr 's,['373']
642,Mr Gousset.,Mr Gousset.,['1120']
999,Mr Jones.,Mr Jones.,['373']
1021,Mr Lisle,Mr Lisle,['406']
1000,Mr Murray,Mr Murray,['373']
638,Mr Warner,Mr Warner,['1120']
1032,Mr Wollfryes,Mr Wollfryes,[]
51,Mr. Alexr Light,Mr. Alexr Light,['1933']
220,Mr. Alexr. Brown .,Mr. Alexr. Brown .,['632']
320,Mr. Alsop,Mr. Alsop,['979']
466,Mr. Ambrose Godfry Hanckewitz,Mr. Ambrose Godfry Hanckewitz,[]
0,Mr. Amyand.,Mr. Amyand.,['1799']
679,Mr. And. Hay,Mr. And. Hay,['250*']
650,Mr. Ashwort,Mr. Ashwort,['1125']
291,Mr. Aston.,Mr. Aston.,['878']
114,Mr. Bartram,Mr. Bartram,['2067']
71,Mr. Beddevoles,Mr. Beddevoles,['176']
34,Mr. Bell.,Mr. Bell.,['1866']
636,Mr. Benjamin Mott,Mr. Benjamin Mott,['1120']
78,Mr. Bentinck,Mr. Bentinck,['181']
194,Mr. Bernard,Mr. Bernard,['580']
621,Mr. Beverland,Mr. Beverland,['185']
1052,Mr. Beverland,Mr. Beverland,['203']
60,Mr. Bewley,Mr. Bewley,['1938']
809,Mr. Bizot,Mr. Bizot,['35']
812,Mr. Boyle,Mr. Boyle,['43']
153,Mr. Boyles,Mr. Boyles,['331']
479,Mr. Bradley.,Mr. Bradley.,['1613']
890,Mr. Brigstock,Mr. Brigstock,['201']
577,Mr. Brigstock.,Mr. Brigstock.,['107']
131,Mr. Brown,Mr. Brown,['2097']
289,Mr. Burnett,Mr. Burnett,['876']
1033,Mr. Butterfield,Mr. Butterfield,['9']
1034,Mr. Butterfield,Mr. Butterfield,['10']
1042,Mr. Butterfield,Mr. Butterfield,['43']
603,Mr. Cairns,Mr. Cairns,['157']
394,Mr. Campbell.,Mr. Campbell.,['1257']
532,Mr. Captn Jenkins,Mr. Captn Jenkins,['1768']
168,Mr. Carmichael,Mr. Carmichael,['438']
190,Mr. Chichele,Mr. Chichele,['570']
428,Mr. Chishull,Mr. Chishull,['1436']
881,Mr. Cock,Mr. Cock,['183']
49,Mr. Collier.,Mr. Collier.,['1921']
500,Mr. Collinson.,Mr. Collinson.,['1673']
562,Mr. Compton,Mr. Compton,['787']
555,Mr. Compton.,Mr. Compton.,['749']
336,Mr. Conduit,Mr. Conduit,['1022']
340,Mr. Conduit,Mr. Conduit,['1032']
572,Mr. Conyers,Mr. Conyers,['98']
177,Mr. Conyers,Mr. Conyers,['487']
152,Mr. Conyers,Mr. Conyers,['329']
550,Mr. Conyers,Mr. Conyers,['4']
674,Mr. Conyers,Mr. Conyers,['258']
554,Mr. Conyers,Mr. Conyers,['23']
671,Mr. Conyers,Mr. Conyers,['257']
852,Mr. Cook,Mr. Cook,['138']
900,Mr. Cook,Mr. Cook,['223']
859,Mr. Cook,Mr. Cook,['153']
868,Mr. Cook.,Mr. Cook.,['165']
866,Mr. Cook.,Mr. Cook.,['162']
871,Mr. Cooke,Mr. Cooke,['167']
829,Mr. Cooke,Mr. Cooke,['74']
552,Mr. Cooke,Mr. Cooke,['743']
830,Mr. Cooke,Mr. Cooke,['77']
850,Mr. Cooke,Mr. Cooke,['135']
540,Mr. Cotteret,Mr. Cotteret,['1784']
104,Mr. Cotts,Mr. Cotts,['2040']
399,Mr. Courten,Mr. Courten,['1272']
159,Mr. Courten,Mr. Courten,['341']
846,Mr. Courten,Mr. Courten,['130']
857,Mr. Courten,Mr. Courten,['151']
792,Mr. Courten,Mr. Courten,['6']
872,Mr. Courten,Mr. Courten,['170']
15,Mr. Courtens,Mr. Courtens,['20']
111,Mr. Courtens,Mr. Courtens,['2063']
119,Mr. Cunningham.,Mr. Cunningham.,['273']
861,Mr. D'oyly,Mr. D'oyly,['155']
814,Mr. D'oyly.,Mr. D'oyly.,['49']
176,Mr. Dampier,Mr. Dampier,['481']
869,Mr. Dampier,Mr. Dampier,['166']
108,Mr. Dandridges,Mr. Dandridges,['2055']
446,Mr. Dering,Mr. Dering,['1485']
77,Mr. Desmarets.,Mr. Desmarets.,['181']
58,Mr. Doyly,Mr. Doyly,['122']
363,Mr. Dupuys,Mr. Dupuys,['1104']
366,Mr. Dupuys,Mr. Dupuys,['1124']
1069,Mr. Dupuys,Mr. Dupuys,['215']
683,Mr. Dupuys,Mr. Dupuys,['256*']
361,Mr. Dupuys,Mr. Dupuys,['1100']
359,Mr. Dupuys,Mr. Dupuys,['1084']
961,Mr. Dupuys.,Mr. Dupuys.,['306']
419,Mr. Elking,Mr. Elking,['1385']
422,Mr. Fabre,Mr. Fabre,['1395']
140,Mr. Fairweather,Mr. Fairweather,['2105']
813,Mr. Faithorn,Mr. Faithorn,['44']
383,Mr. Francklyn,Mr. Francklyn,['1205']
380,Mr. Franklin,Mr. Franklin,['1202']
393,Mr. Fuller,Mr. Fuller,['1246']
635,Mr. Fuller,Mr. Fuller,['1120']
515,Mr. Fuller,Mr. Fuller,['1712']
803,Mr. Fullers,Mr. Fullers,['23']
1047,Mr. Galliards,Mr. Galliards,['148']
141,Mr. Geo Edwards,Mr. Geo Edwards,['2106']
382,Mr. Geoffroy,Mr. Geoffroy,[]
275,Mr. Geoffroy,Mr. Geoffroy,['837']
708,Mr. George,Mr. George,['412']
514,Mr. Gilbert,Mr. Gilbert,['1710']
293,Mr. Gilberts,Mr. Gilberts,['888']
484,Mr. Godfrey,Mr. Godfrey,['1629']
259,Mr. Godfrey,Mr. Godfrey,['753']
490,Mr. Godfroy Jun r,Mr. Godfroy Jun r,['1637']
468,Mr. Godfry,Mr. Godfry,['1561']
469,Mr. Godfry,Mr. Godfry,['1562']
560,Mr. Gordon.,Mr. Gordon.,['781']
186,Mr. Gore,Mr. Gore,['559']
492,Mr. Graham Junr ,Mr. Graham Junr ,['1653']
513,Mr. Green,Mr. Green,['1709']
988,Mr. Green,Mr. Green,['357']
543,"Mr. Grubb, a Swede","Mr. Grubb, a Swede",['1787']
1025,Mr. Halett,Mr. Halett,['469']
351,Mr. Harvey,Mr. Harvey,['1061']
139,Mr. Hawkeens,Mr. Hawkeens,['2103']
80,Mr. Hawksbee.,Mr. Hawksbee.,['182']
85,Mr. Haynes,Mr. Haynes,['2004']
384,Mr. Hennepin,Mr. Hennepin,['1215']
695,Mr. Hildesley,Mr. Hildesley,['329']
358,Mr. Hills,Mr. Hills,['1083']
257,Mr. Hodges,Mr. Hodges,['737']
602,Mr. Hodges,Mr. Hodges,['154']
529,Mr. Hodgson,Mr. Hodgson,['1761']
6,Mr. Hodsun,Mr. Hodsun,['1813']
619,Mr. Holiday,Mr. Holiday,['183']
274,Mr. Hombergs,Mr. Hombergs,['837']
36,Mr. Hoofnail,Mr. Hoofnail,['1869']
473,Mr. Houstoun,Mr. Houstoun,['1590']
148,Mr. Hubert,Mr. Hubert,['2111']
895,Mr. Hughs,Mr. Hughs,['210']
828,Mr. Jacob Selos head,Mr. Jacob Selos head,['73']
258,Mr. James,Mr. James,['739']
1031,Mr. James,Mr. James,[]
970,Mr. James Petivers,Mr. James Petivers,['319']
1017,Mr. Jo. Hawkins,Mr. Jo. Hawkins,['402']
551,Mr. Jo. Scheuchzer,Mr. Jo. Scheuchzer,['738']
412,Mr. John Heathcote,Mr. John Heathcote,['1349']
135,Mr. John Jackson,Mr. John Jackson,['2101']
311,Mr. Johnson,Mr. Johnson,['919*']
669,Mr. Kemps,Mr. Kemps,['256']
495,Mr. Kenly,Mr. Kenly,['1664']
667,Mr. Kennedy,Mr. Kennedy,['254']
785,Mr. Kettle,Mr. Kettle,['266']
88,Mr. Killigrew,Mr. Killigrew,['2009']
885,Mr. Kinsay-,Mr. Kinsay-,['186']
845,Mr. Langley,Mr. Langley,['129']
56,Mr. Lapthorn,Mr. Lapthorn,['116']
55,Mr. Lapthorn,Mr. Lapthorn,['115']
494,Mr. Lascelles.,Mr. Lascelles.,['1657']
7,Mr. Launce,Mr. Launce,['1816']
722,Mr. Leneve,Mr. Leneve,['444']
724,Mr. Leneve,Mr. Leneve,['448']
84,Mr. Lenoy.,Mr. Lenoy.,['185']
598,Mr. Lloyd,Mr. Lloyd,['149']
401,Mr. Lockyer.,Mr. Lockyer.,['1281']
426,Mr. Lyell,Mr. Lyell,['1422']
3,Mr. M,Mr. M,['1807']
452,Mr. Maidston,Mr. Maidston,['1512']
457,Mr. Maidston,Mr. Maidston,['1542']
455,Mr. Maidstone.,Mr. Maidstone.,['1537']
981,Mr. Maidstone.,Mr. Maidstone.,['350']
507,Mr. Maitland.,Mr. Maitland.,['1688']
1055,Mr. Marlow,Mr. Marlow,['11']
1054,Mr. Marlow,Mr. Marlow,['8']
1056,Mr. Marlow,Mr. Marlow,['13']
1062,Mr. Marlow,Mr. Marlow,['39']
1061,Mr. Marlow.,Mr. Marlow.,['36']
72,Mr. Marshall,Mr. Marshall,['176']
5,Mr. Mc. Cormick,Mr. Mc. Cormick,['1812']
74,Mr. Mellin,Mr. Mellin,['180']
191,Mr. Middleton,Mr. Middleton,['573']
308,Mr. Moults,Mr. Moults,['915*']
518,Mr. Muhleman,Mr. Muhleman,['1724']
878,Mr. Murray,Mr. Murray,['178']
875,Mr. Murray,Mr. Murray,['171']
863,Mr. Murray,Mr. Murray,['156']
856,Mr. Murray,Mr. Murray,['148']
873,Mr. Murray,Mr. Murray,['170']
870,Mr. Murray.,Mr. Murray.,['166']
75,Mr. Muss ch en broock,Mr. Muss ch en broock,['181']
711,Mr. Nadler,Mr. Nadler,['416']
715,Mr. Nadler,Mr. Nadler,['429']
503,Mr. Nash.,Mr. Nash.,['1683']
461,Mr. Nichols,Mr. Nichols,['1554']
558,Mr. Oldesworth,Mr. Oldesworth,['31']
187,Mr. Orchard,Mr. Orchard,['564']
312,Mr. Ott,Mr. Ott,['940']
423,Mr. P admore,Mr. P admore,['1396']
66,Mr. Padmore,Mr. Padmore,['1982']
100,Mr. Paine,Mr. Paine,['2036']
823,Mr. Pepys,Mr. Pepys,['63']
292,Mr. Perronet,Mr. Perronet,['883']
307,Mr. Petiver.,Mr. Petiver.,['913**']
811,Mr. Petyt,Mr. Petyt,['40']
538,Mr. Philipp Miller,Mr. Philipp Miller,['1782']
1030,Mr. Pinchbeck,Mr. Pinchbeck,[]
82,Mr. Pinfold.,Mr. Pinfold.,['184']
405,Mr. Pitts.,Mr. Pitts.,['1336']
456,Mr. Purnell,Mr. Purnell,['1538']
699,Mr. Purnell,Mr. Purnell,['382']
43,Mr. Pycolas,Mr. Pycolas,['1880']
1022,Mr. Ray,Mr. Ray,['407']
541,Mr. Reaumar,Mr. Reaumar,['1785']
61,Mr. Reaumurs,Mr. Reaumurs,['1938']
755,Mr. Rickersey,Mr. Rickersey,['102']
567,Mr. Robert Hook,Mr. Robert Hook,['77']
182,Mr. Robert Walker,Mr. Robert Walker,['529']
2,Mr. Roberts,Mr. Roberts,['1806']
297,Mr. Roberts,Mr. Roberts,['897']
524,Mr. Roberts,Mr. Roberts,['1734']
249,Mr. S. Br.,Mr. S. Br.,['685']
504,Mr. Sainthill,Mr. Sainthill,['1684']
836,Mr. Sam,Mr. Sam,['93']
138,Mr. Scott,Mr. Scott,['2102']
542,Mr. Seguiver,Mr. Seguiver,['1786']
547,Mr. Sequier,Mr. Sequier,['1798']
118,Mr. Seregold,Mr. Seregold,['2071']
974,Mr. Simpson,Mr. Simpson,['323']
400,Mr. Skinner,Mr. Skinner,['1281']
668,Mr. Smith.,Mr. Smith.,['255']
309,Mr. Stallwood,Mr. Stallwood,['916*']
91,Mr. Ste,Mr. Ste,['194']
481,Mr. Talbot,Mr. Talbot,['1616']
1,Mr. Theobalds.,Mr. Theobalds.,['1801']
1026,Mr. Thomas Briton,Mr. Thomas Briton,['470']
1063,Mr. Tinsey,Mr. Tinsey,['41']
939,Mr. Van Mildert.,Mr. Van Mildert.,['281']
1066,Mr. Van Mildert.,Mr. Van Mildert.,['196']
1053,Mr. Vanhulse,Mr. Vanhulse,['220']
94,Mr. Villarmont,Mr. Villarmont,['201']
261,Mr. W,Mr. W,['768']
611,Mr. Wainwrights,Mr. Wainwrights,['173']
433,Mr. Walduck.,Mr. Walduck.,['1454']
941,Mr. Warner,Mr. Warner,['282']
750,Mr. Warner,Mr. Warner,['72']
670,Mr. Warners,Mr. Warners,['256']
470,Mr. Wilds,Mr. Wilds,['1576']
145,Mr. William Watson,Mr. William Watson,['2109']
90,Mr. Wilson,Mr. Wilson,['192']
73,Mr. Wilson,Mr. Wilson,['179']
425,Mr. Wilsons,Mr. Wilsons,['1398']
229,Mr. Wilsons microscopes,Mr. Wilsons microscopes,['653']
458,Mr. Woolhouse,Mr. Woolhouse,['1550']
117,Mr. Wright,Mr. Wright,['2069']
520,Mr. Wynthorp,Mr. Wynthorp,['1727']
347,Mr. Yale,Mr. Yale,['1042']
950,Mr. Yales.,Mr. Yales.,['293']
983,Mr. a Sadler,Mr. a Sadler,['352']
957,Mr. in,Mr. in,['298']
350,Mr. van Mildert.,Mr. van Mildert.,['1051']
42,Mr.- Cunningham,Mr.- Cunningham,['64']
124,Mr.. Wildy,Mr.. Wildy,['2092']
97,Mr. Adams,Mr._Adams,['2021']
443,Mr. Barrets,Mr._Barrets,['1474']
370,Mr. Bell,Mr._Bell,['1134']
418,Mr. Bell,Mr._Bell,['1383']
1070,Mr. Bell,Mr._Bell,['220']
510,Mr. Bell,Mr._Bell,['1701']
984,Mr. Bell,Mr._Bell,['354']
371,Mr. Bell,Mr._Bell,['1135']
491,Mr. Bell,Mr._Bell,['1650']
509,Mr. Bell,Mr._Bell,['1694']
369,Mr. Bell,Mr._Bell,['1133']
768,Mr. Bevan,Mr._Bevan,['164']
1016,Mr. Blackstone,Mr._Blackstone,['400']
129,Mr. Clark,Mr._Clark,['2096']
534,Mr. Clerk,Mr._Clerk,['1775']
420,Mr. Clerk,Mr._Clerk,['1387']
414,Mr. Clerk,Mr._Clerk,['1368']
416,Mr. Clerk,Mr._Clerk,['1373']
904,Mr. Cowper,Mr._Cowper,['237']
903,Mr. Cowper,Mr._Cowper,['234']
290,Mr. Cowper,Mr._Cowper,['877']
901,Mr. Cowper,Mr._Cowper,['224']
902,Mr. Cowper,Mr._Cowper,['229']
899,Mr. Cowper,Mr._Cowper,['222']
544,Mr. Cox,Mr._Cox,['1792']
9,Mr. Cunningham,Mr._Cunningham,['9']
102,Mr. Cunningham,Mr._Cunningham,['221']
173,Mr. Cunningham,Mr._Cunningham,['462']
989,Mr. Edwards,Mr._Edwards,['358']
16,Mr. Edwards,Mr._Edwards,['1838']
18,Mr. Edwards,Mr._Edwards,['1844']
993,Mr. Edwards,Mr._Edwards,['367']
22,Mr. Gordon,Mr._Gordon,['1852']
407,Mr. Harris,Mr._Harris,['1343']
528,Mr. Hodson,Mr._Hodson,['1757']
643,Mr. Jackson,Mr._Jackson,['1121']
731,Mr. Jackson,Mr._Jackson,['525']
725,Mr. Jackson,Mr._Jackson,['450']
533,Mr. Jenkins,Mr._Jenkins,['1770']
448,Mr. Jones,Mr._Jones,['1491']
536,Mr. Laurie,Mr._Laurie,['1779']
537,Mr. Laurie,Mr._Laurie,['1780']
450,Mr. Maidstone,Mr._Maidstone,['1501']
709,Mr. Maidstone,Mr._Maidstone,['413']
474,Mr. Maidstone,Mr._Maidstone,['1592']
196,Mr. Maidstone,Mr._Maidstone,['593']
142,Mr. Maidstone,Mr._Maidstone,['316']
263,Mr. Maidstone,Mr._Maidstone,['780']
576,Mr. Martin,Mr._Martin,['106']
105,Mr. Mason,Mr._Mason,['2046']
539,Mr. Mason,Mr._Mason,['1783']
599,Mr. Morton,Mr._Morton,['151']
579,Mr. Morton,Mr._Morton,['108']
188,Mr. Pinfold,Mr._Pinfold,['566']
791,Mr. Pinfold,Mr._Pinfold,['6']
1059,Mr. Pinfold,Mr._Pinfold,['29']
276,Mr. Robinson,Mr._Robinson,['842']
344,Mr. Serocold,Mr._Serocold,['1037']
438,Mr. Standish,Mr._Standish,['1458']
690,Mr. Stanley,Mr._Stanley,['302']
387,Mr. Theobalds,Mr._Theobalds,['1236']
391,Mr. Theobalds,Mr._Theobalds,['1243']
1049,Mr. Thomas,Mr._Thomas,['186']
525,Mr. Winthorpe,Mr._Winthorpe,['1735']
557,Mr Conyers,Mr_Conyers,['29']
639,Mr Galliard,Mr_Galliard,['1120']
430,Mrs . Smith,Mrs . Smith,['1449']
702,Mrs . Standish,Mrs . Standish,['404']
923,Mrs Aesop,Mrs Aesop,['268']
800,Mrs Merian,Mrs Merian,['16']
1024,Mrs. A. Thornburgh,Mrs. A. Thornburgh,['468']
847,Mrs. AnneRose,Mrs. AnneRose,['132']
364,Mrs. Astall,Mrs. Astall,['1119']
52,Mrs. Bernard -----,Mrs. Bernard -----,['112']
330,Mrs. Byde,Mrs. Byde,['1011']
839,Mrs. Courten,Mrs. Courten,['103']
705,Mrs. Dering.,Mrs. Dering.,['407']
106,Mrs. Edwards,Mrs. Edwards,['2048']
26,Mrs. Edwards.,Mrs. Edwards.,['1861']
834,Mrs. Fuller,Mrs. Fuller,['92']
877,Mrs. Fuller,Mrs. Fuller,['178']
1005,Mrs. Hanbury,Mrs. Hanbury,['376']
1060,Mrs. Hayes,Mrs. Hayes,['31']
53,Mrs. Hayes,Mrs. Hayes,['114']
1058,Mrs. Hayes.,Mrs. Hayes.,['28']
343,Mrs. Heathcotes,Mrs. Heathcotes,['1035']
37,Mrs. Hepheshebah Parker,Mrs. Hepheshebah Parker,['1871']
826,Mrs. Johanna Byron,Mrs. Johanna Byron,['68']
502,Mrs. Marshall,Mrs. Marshall,['1675']
795,Mrs. Merian.,Mrs. Merian.,['9']
816,Mrs. Merian.,Mrs. Merian.,['51']
794,Mrs. Pritchard,Mrs. Pritchard,['8']
185,Mrs. Sadler,Mrs. Sadler,['543']
1072,Mrs. Shepherd,Mrs. Shepherd,['229']
413,Mrs. Shepherd,Mrs. Shepherd,['1353']
876,Mrs. Sloane,Mrs. Sloane,['172']
462,Mrs. Steigertahl.,Mrs. Steigertahl.,['1555']
39,Mrs. Stephens,Mrs. Stephens,['1874']
86,Mrs. Waters,Mrs. Waters,['2008']
864,Mrs. Willoughby.,Mrs. Willoughby.,['157']
415,Mrs. Dering,Mrs._Dering,['1371']
701,Mrs. Dering,Mrs._Dering,['400']
905,Mrs. Merian,Mrs._Merian,['239']
815,Mrs. Merian,Mrs._Merian,['50']
303,Mrs. Trenchfield,Mrs._Trenchfield,['909']
858,Mumper,Mumper,['152']
284,Navarette,Navarette,[]
910,Robert,Nicolas_Robert,['249']
796,Robert,Nicolas_Robert,['10']
797,Robert,Nicolas_Robert,['11']
581,Oldisworth,Oldisworth,['113']
587,Oldisworth,Oldisworth,['134']
773,Oli. Cromwel.,Oli. Cromwel.,['189']
745,Oli: Cromwe ,Oli: Cromwe ,['9']
933,Olivar ,Olivar ,['276']
764,Oliver,Oliver,['160']
89,Oliver Cromwell,Oliver Cromwell,['2010']
744,Olivarius,Oliver_Cromwell,['1']
825,Olivers,Olivers,['65']
521,Papenau,Papenau,['1730']
264,Dr. Adair,Patrick_Adair,['789']
171,Dr. Adair,Patrick_Adair,['455']
172,Dr. Adair,Patrick_Adair,['458']
189,Dr. Adair,Patrick_Adair,['568']
463,Paul Lucas,Paul Lucas,['1556']
922,Pet,Pet,['267']
625,Pet,Pet,['191']
314,Pet,Pet,['962']
424,Pet,Pet,['1397']
629,Pet,Pet,['193']
313,Pet,Pet,['941']
436,Pet,Pet,['1457']
435,Pet,Pet,['1456']
318,Pet,Pet,['974']
333,Pet,Pet,['1019']
434,Pet,Pet,['1454']
439,Pet,Pet,['1459']
663,Pet,Pet,['249']
316,Pet,Pet,['971']
327,Pet,Pet,['1003']
321,Pet,Pet,['983']
323,Pet,Pet,['989']
325,Pet,Pet,['993']
498,Pet,Pet,['1671']
1067,Pet,Pet,['199']
47,Pet,Pet,['1895']
624,Pet,Pet,['190']
310,Pet,Pet,['917*']
62,Mr. Millar,Philip_Miller,['1969']
686,Pitt Lethieullier Esqr,Pitt Lethieullier Esqr,[]
867,Poelemburg,Poelemburg,['164']
973,Polidoro di Caravagio,Polidoro_di_Caravagio,['323']
134,Pope Alexander VIII,Pope Alexander VIII,['2101']
955,Prince George,Prince George,['296']
95,Q. Elizabeth,Q. Elizabeth,['2014']
995,Q: Catherine?,Q: Catherine?,['371']
953,Queen Anne,Queen Anne,['295']
926,Queen Anne,Queen Anne,['270']
986,Queen Catherine,Queen Catherine,['357']
929,Queen Elizabeth,Queen Elizabeth,['272']
759,Queen Elizabeth's,Queen Elizabeth's,['105']
1064,Queen Elizabeths,Queen Elizabeths,['83']
535,Queen Elizabeths,Queen Elizabeths,['1778']
924,Queen Elizabeths,Queen Elizabeths,['269']
453,Q. Anne,Queen_Anne,['1535']
506,Revd Mr. Scott.,Revd Mr. Scott.,['1686']
527,Dr. Massey,Richard_Middleton_Massey2,['1750']
519,Dr. Massy,Richard_Middleton_Massey3,['1725']
545,Dr. Massy,Richard_Middleton_Massey3,['1794']
346,Dr. Massy,Richard_Middleton_Massey3,['1039']
620,Dr. Massy,Richard_Middleton_Massey3,['184']
48,Dr. Massy,Richard_Middleton_Massey3,['1916']
17,Dr. Massy,Richard_Middleton_Massey3,['1843']
329,Riley,Riley,['1009']
154,Dr. Hook,Robert_Hooke,['331']
569,Dr. Hook,Robert_Hooke,['86']
566,Dr. Hook,Robert_Hooke,['76']
160,Dr. Hook,Robert_Hooke,['349']
174,Dr. Hook,Robert_Hooke,['466']
115,Dr. Hook,Robert_Hooke,['266']
96,Dr. Hook,Robert_Hooke,['2017']
348,Dr. Houston,Robert_Houston,['1044']
549,Dr. Houston,Robert_Houston,['726']
386,Dr. Houston,Robert_Houston,['1232']
31,Mr. Southwell,Robert_Southwell,['1862']
454,Mr. Southwell,Robert_Southwell,['1537']
700,Dr. Wood,Robert_Wood,['384']
409,Mr. Gale,Roger_Gale,['1346']
396,Mr. Gale,Roger_Gale,['1269']
838,Rossi's,Rossi's,['98']
865,Rubens,Rubens,['161']
959,Sr. Richard Baker,SBaer,['301']
588,Sandys,Sandys,['135']
478,Scarburgh,Scarburgh,['1611']
952,Sebastiano Concha,Sebastiano Concha,['294']
761,Shepherd,Shepherd,['131']
45,Short,Short,['1891']
648,Sig r. Veraccini,Sig r. Veraccini,['1122']
647,Sigr. Sterbini,Sigr. Sterbini,['1122']
842,Silvestre,Silvestre,['108']
775,Sir Richard Steele,Sir_Richard_Steele,['190']
682,Sloane Sir Hans ,Sloane Sir Hans ,[]
694,Smart Lethieullier Esqr,Smart Lethieullier Esqr,[]
660,Smart Lethieullier,Smart_Lethieullier,[]
714,Soranzo,Soranzo,['429']
710,Soranzos,Soranzos,['416']
1036,Sr . Charles Scarburgh,Sr . Charles Scarburgh,['20']
389,Sr . Nicholas Waite,Sr . Nicholas Waite,['1238']
157,Sr . Rob. Moray,Sr . Rob. Moray,['336']
637,Sr. Andrew Fountain,Sr. Andrew Fountain,['1120']
192,Sr. Charles Wager,Sr. Charles Wager,['579']
925,Sr. Cornario,Sr. Cornario,['270']
747,Sr. Ed. Bury- Godfrey,Sr. Ed. Bury- Godfrey,['33']
882,Sr. Edmund Kings,Sr. Edmund Kings,['184']
719,Sr. George,Sr. George,['438']
693,Sr. Griffith Wms,Sr. Griffith Wms,['315']
30,Sr. Hans,Sr. Hans,['1862']
27,Sr. Hans,Sr. Hans,['1861']
1029,Sr. Hans Sloane,Sr. Hans Sloane,[]
136,Sr. Isaac Newton,Sr. Isaac Newton,['2101']
133,Sr. Isaac Newton,Sr. Isaac Newton,['2101']
766,Sr. Isaac Newton's,Sr. Isaac Newton's,['161']
262,Sr. John Ra,Sr. John Ra,['779']
280,Sr. Nicolas Waite,Sr. Nicolas Waite,['852']
810,Sr. Orlando Bridgman,Sr. Orlando Bridgman,['39']
943,Sr. Richard Steele,Sr. Richard Steele,['287']
786,Sr. Robert walpole,Sr. Robert walpole,['267']
267,Sr. Streynsham Masters,Sr. Streynsham Masters,['811']
580,Sr. Tho. Brown's,Sr. Tho. Brown's,['109']
944,Sr. Thomas Greshams,Sr. Thomas Greshams,['288']
935,Sr. Thomas Moore,Sr. Thomas Moore,['278']
889,Sr. Thomas brown,Sr. Thomas brown,['201']
266,Sr. W,Sr. W,['810']
691,Sr. John Colbatch,Sr._John_Colbatch,['304']
1003,Sr Godfrey Kneller,Sr_Godfrey_Kneller,['375']
860,Sr. Theodore Mayern,Sr_Theodore_Mayern,['155']
752,St Laurence,St Laurence,['88']
746,St. Stephan,St. Stephan,['17']
126,Standish,Standish,['290']
163,Staphorst,Staphorst,['392']
963,Surgeon,Surgeon,['309']
328,Symmonds,Symmonds,['1005']
754,T. Simons ,T. Simons ,['99']
793,TDackett,TDackett,['8']
835,Taverner,Taverner,['92']
848,Taverner,Taverner,['132']
144,Theobalds,Theobalds,['2108']
987,Tho. Simmons,Tho. Simmons,['357']
801,Tholouze,Tholouze,['17']
807,Tholouze,Tholouze,['27']
808,Tholouze,Tholouze,['30']
832,Tholouze ,Tholouze ,['82']
1045,Thomas Brand Esqr,Thomas Brand Esqr,['57']
271,Thomas Tennison Lord. Archbishop of Canterbury,Thomas Tennison Lord. Archbishop of Canterbury,['821']
697,Thomas Hollis,Thomas_Hollis,[]
476,Dr. Short,Thomas_Short,['1596']
475,Dr. Short,Thomas_Short,['1595']
477,Dr. Short,Thomas_Short,['1608']
912,Thornton,Thornton,['253']
44,Vale. Vicor,Vale. Vicor,['1880']
960,Valerius Bellus,Valerius_Bellus,['304']
958,Valerius Bellus,Valerius_Bellus,['299']
840,Vandike,Vandike,['103']
914,Vandyke,Vandyke,['255']
992,Vanzoon.,Vanzoon.,['363']
93,Verle.,Verle.,['196']
853,Vesalius,Vesalius,['147']
147,Willm. Hanbury Esqr,WEsqr,['2110']
966,Walker,Walker,['316']
689,Dr. Stukely,William_Stukely,['301']
522,Winthrop Esqr,Winthrop Esqr,['1730']
837,Wissen.,Wissen.,['97']
655,Wm. Ellis Esqr,Wm. Ellis Esqr,['238']
971,Wm. Faithorn,Wm. Faithorn,['319']
295,Wm. Lord Cowper,Wm. Lord Cowper,['897']
721,Wm. Stukely,Wm. Stukely,['443']
665,Wood,Wood,['2']
672,Woodward,Woodward,['257']
673,Woodward,Woodward,['257']
696,Woodward,Woodward,['363']
977,Woyens,Woyens,['342']
1039,Wynne,Wynne,['24']
855,Young Fran: Mercur. Vanhelmont,Young Fran: Mercur. Vanhelmont,['148']
728,abbot Sterbini,abbot Sterbini,['487']
417,governor Bennet,governor Bennet,['1382']
1073,madam Montmorency,madam Montmorency,['302']
156,monsr. Schroter,monsr. Schroter,['336']
948,oliver,oliver,['289']
932,phillip the 2d. of Spain,phillip the 2d. of Spain,['276']
334,prince of Hesses,prince of Hesses,['1022']
978,strannover,strannover,['347']
907,,,['242']
968,,,['318']
